year,contribution
2026,112000
2027,116500
2028,121200
2029,126100
2030,131200
2031,136500
2032,142000
2033,147700
2034,153600
2035,159800
2036,166200
2037,172900
2038,179800
2039,187000
2040,194500
2041,202300
2042,210400
2043,218800
2044,227600
2045,236700
2046,246200
2047,256000
2048,266200
2049,276800
2050,287900
2051,299400
2052,311400
2053,323900
2054,336900
2055,350400
2056,364400
2057,379000
2058,394200
2059,410000
2060,426400
2061,443500
2062,461200
2063,479600
2064,498800
2065,518800
2066,539600
